_id,id,PID,allocation_start,allocation_end
66166ea596fb1df606179b5d,440,5071,14-03-2025,01-09-2026
66166ea696fb1df606179b5e,252,5120,26-07-2023,05-10-2026
66166ea696fb1df606179b5f,384,1480,06-08-2023,16-11-2027
66166ea696fb1df606179b60,138,7397,24-10-2023,01-10-2025
66166ea696fb1df606179b61,327,5370,13-07-2025,01-08-2024
66166ea696fb1df606179b62,212,4290,07-01-2025,21-02-2027
66166ea696fb1df606179b63,202,4370,03-09-2025,24-07-2027
66166ea696fb1df606179b64,126,1950,17-11-2023,02-06-2026
66166ea696fb1df606179b65,315,2041,22-04-2026,15-10-2027
66166ea696fb1df606179b66,437,1402,19-09-2025,26-11-2026
66166ea696fb1df606179b67,172,5430,25-01-2026,01-12-2027
66166ea696fb1df606179b68,395,1062,25-04-2025,22-10-2027
66166ea696fb1df606179b69,267,4650,08-12-2023,30-04-2027
66166ea696fb1df606179b6a,298,2960,19-04-2025,10-11-2025
66166ea696fb1df606179b6b,451,5630,09-11-2023,30-03-2025
66166ea696fb1df606179b6c,77,6150,08-04-2026,06-07-2025
66166ea696fb1df606179b6d,428,4970,27-03-2025,29-03-2027
66166ea696fb1df606179b6e,130,1640,21-11-2025,22-10-2026
66166ea696fb1df606179b6f,368,2160,13-02-2026,23-06-2024
66166ea696fb1df606179b70,178,2390,13-12-2025,16-03-2027
66166ea696fb1df606179b71,481,1420,26-12-2024,02-01-2025
66166ea696fb1df606179b72,7,5970,30-04-2026,08-05-2027
66166ea696fb1df606179b73,489,5091,07-06-2025,23-10-2025
66166ea696fb1df606179b74,155,2940,24-12-2024,02-03-2027
66166ea696fb1df606179b75,480,1520,01-07-2023,10-12-2027
66166ea696fb1df606179b76,409,5031,21-09-2025,12-12-2027
66166ea696fb1df606179b77,462,5960,25-01-2025,27-10-2027
66166ea696fb1df606179b78,30,5140,12-01-2026,21-06-2027
66166ea696fb1df606179b79,288,1032,09-01-2024,28-01-2028
66166ea696fb1df606179b7a,147,6780,20-04-2024,22-01-2025
66166ea696fb1df606179b7b,381,4950,14-10-2025,07-08-2027
66166ea696fb1df606179b7c,461,1430,23-05-2025,21-10-2026
66166ea796fb1df606179b7d,229,1602,25-08-2023,02-10-2024
66166ea796fb1df606179b7e,279,2170,10-06-2023,07-05-2025
66166ea796fb1df606179b7f,344,2350,03-03-2025,16-01-2025
66166ea796fb1df606179b80,220,7728,07-10-2024,12-09-2024
66166ea796fb1df606179b81,73,4620,24-02-2024,10-11-2025
66166ea796fb1df606179b82,134,7543,04-05-2025,02-06-2025
66166ea796fb1df606179b83,241,1790,24-09-2025,13-04-2025
66166ea796fb1df606179b84,227,1930,16-09-2025,30-11-2024
66166ea796fb1df606179b85,293,2950,13-04-2024,11-07-2026
66166ea796fb1df606179b86,238,1980,09-05-2023,01-09-2026
66166ea796fb1df606179b87,30,4801,09-08-2025,22-06-2024
66166ea796fb1df606179b88,384,4701,21-05-2025,27-08-2026
66166ea796fb1df606179b89,40,7021,26-05-2025,11-05-2025
66166ea796fb1df606179b8a,70,6420,08-03-2026,11-01-2027
66166ea796fb1df606179b8b,478,5670,24-12-2024,07-03-2026
66166ea796fb1df606179b8c,124,5690,06-02-2026,08-02-2028
66166ea796fb1df606179b8d,407,1820,24-10-2023,28-10-2024
66166ea796fb1df606179b8e,197,4350,11-06-2023,12-06-2027
66166ea796fb1df606179b8f,278,5071,07-09-2025,22-11-2025
66166ea796fb1df606179b90,474,7450,19-03-2026,09-09-2026
66166ea796fb1df606179b91,341,7582,16-05-2023,25-06-2027
66166ea796fb1df606179b92,497,2410,10-06-2023,19-12-2025
66166ea796fb1df606179b93,108,7291,22-06-2024,05-02-2028
66166ea796fb1df606179b94,1,4960,10-08-2023,14-12-2025
66166ea796fb1df606179b95,189,5031,09-02-2024,27-10-2024
66166ea796fb1df606179b96,124,2870,24-09-2024,27-06-2026
66166ea796fb1df606179b97,496,7106,20-01-2025,02-05-2025
66166ea796fb1df606179b98,341,1640,20-11-2024,04-12-2027
66166ea796fb1df606179b99,213,2960,30-09-2023,07-09-2025
66166ea796fb1df606179b9a,104,6320,29-07-2024,17-12-2024
66166ea796fb1df606179b9b,287,4280,24-05-2024,10-10-2026
66166ea796fb1df606179b9c,205,2401,26-01-2025,27-01-2027
66166ea796fb1df606179b9d,295,1032,18-11-2024,03-11-2026
66166ea896fb1df606179b9e,155,7199,08-12-2024,04-12-2026
66166ea896fb1df606179b9f,340,1680,03-04-2026,10-06-2025
66166ea896fb1df606179ba0,414,4560,27-07-2023,21-10-2026
66166ea896fb1df606179ba1,352,6350,07-11-2023,13-10-2025
66166ea896fb1df606179ba2,27,1960,28-11-2024,02-06-2026
66166ea896fb1df606179ba3,262,1430,26-04-2026,06-12-2027
66166ea896fb1df606179ba4,157,1690,25-12-2024,16-08-2026
66166ea896fb1df606179ba5,485,6870,09-07-2025,04-12-2027
66166ea896fb1df606179ba6,191,2830,15-01-2024,07-01-2027
66166ea896fb1df606179ba7,110,6370,14-04-2025,11-05-2025
66166ea896fb1df606179ba8,47,3920,22-11-2023,19-06-2024
66166ea896fb1df606179ba9,119,7012,31-03-2025,27-10-2026
66166ea896fb1df606179baa,192,7662,24-06-2024,25-12-2024
66166ea896fb1df606179bab,312,6501,10-10-2024,08-01-2026
66166ea896fb1df606179bac,229,3901,23-04-2026,11-09-2024
66166ea896fb1df606179bad,91,4960,26-09-2023,24-12-2027
66166ea896fb1df606179bae,458,2701,28-03-2024,05-08-2026
66166ea896fb1df606179baf,103,2970,29-09-2023,16-02-2027
66166ea896fb1df606179bb0,153,7371,13-09-2024,22-09-2024
66166ea896fb1df606179bb1,62,1702,16-08-2025,22-11-2026
66166ea896fb1df606179bb2,190,6071,13-02-2025,08-07-2027
66166ea896fb1df606179bb3,200,7146,03-06-2026,14-09-2025
66166ea896fb1df606179bb4,295,6830,04-03-2026,24-12-2024
66166ea896fb1df606179bb5,82,7609,25-11-2025,04-01-2025
66166ea896fb1df606179bb6,215,7080,25-02-2025,29-03-2027
66166ea896fb1df606179bb7,416,6480,26-02-2026,22-06-2025
66166ea896fb1df606179bb8,326,6250,29-09-2025,13-10-2024
66166ea896fb1df606179bb9,49,5390,16-11-2025,01-07-2025
66166ea896fb1df606179bba,198,5021,01-10-2024,09-10-2026
66166ea896fb1df606179bbb,186,2081,20-08-2024,15-05-2025
66166ea896fb1df606179bbc,402,1650,09-09-2024,09-08-2027
66166ea996fb1df606179bbd,248,4590,28-05-2026,10-07-2026
66166ea996fb1df606179bbe,280,2910,22-04-2024,26-10-2026
66166ea996fb1df606179bbf,158,6102,28-05-2024,03-04-2025
66166ea996fb1df606179bc0,318,4250,01-10-2024,30-12-2026
66166ea996fb1df606179bc1,451,5320,24-02-2025,21-09-2026
66166ea996fb1df606179bc2,409,5640,25-08-2023,30-06-2027
66166ea996fb1df606179bc3,278,2690,25-10-2025,27-03-2026
66166ea996fb1df606179bc4,297,2460,18-01-2026,22-04-2027
66166ea996fb1df606179bc5,250,6490,22-12-2025,28-06-2024
66166ea996fb1df606179bc6,218,2790,15-03-2024,09-10-2026
66166ea996fb1df606179bc7,69,6780,05-12-2025,14-11-2026
66166ea996fb1df606179bc8,115,2190,14-08-2023,13-04-2026
66166ea996fb1df606179bc9,199,7582,02-04-2025,17-04-2025
66166ea996fb1df606179bca,368,6390,16-03-2025,24-06-2027
66166ea996fb1df606179bcb,462,1370,10-07-2024,09-09-2025
66166ea996fb1df606179bcc,485,2760,19-02-2026,05-09-2025
66166ea996fb1df606179bcd,500,7291,03-01-2024,17-01-2027
66166ea996fb1df606179bce,193,7039,14-01-2026,23-04-2027
66166ea996fb1df606179bcf,435,1630,08-10-2024,06-08-2026
66166ea996fb1df606179bd0,100,1690,15-06-2025,05-07-2024
66166ea996fb1df606179bd1,103,5980,25-08-2025,05-11-2026
66166ea996fb1df606179bd2,257,4360,29-01-2025,19-01-2026
66166ea996fb1df606179bd3,232,2130,31-07-2023,02-09-2027
66166ea996fb1df606179bd4,413,6041,15-10-2025,24-07-2027
66166ea996fb1df606179bd5,116,2901,25-09-2023,14-04-2025
66166ea996fb1df606179bd6,213,2610,19-08-2023,26-10-2026
66166ea996fb1df606179bd7,497,6021,04-10-2024,02-01-2025
66166ea996fb1df606179bd8,222,4570,24-02-2024,15-09-2027
66166ea996fb1df606179bd9,451,6081,01-07-2024,14-10-2024
66166ea996fb1df606179bda,377,2013,18-03-2025,19-07-2024
66166ea996fb1df606179bdb,37,2540,21-05-2026,09-08-2027
66166ea996fb1df606179bdc,417,5970,18-01-2024,24-09-2025
66166ea996fb1df606179bdd,20,1402,22-05-2024,07-09-2025
66166eaa96fb1df606179bde,465,7397,07-10-2025,09-07-2026
66166eaa96fb1df606179bdf,39,4810,02-10-2023,15-06-2027
66166eaa96fb1df606179be0,91,2730,17-06-2023,25-04-2027
66166eaa96fb1df606179be1,180,6201,28-12-2024,01-04-2027
66166eaa96fb1df606179be2,63,6980,19-04-2024,20-04-2027
66166eaa96fb1df606179be3,467,4390,26-02-2026,10-08-2024
66166eaa96fb1df606179be4,360,5420,14-01-2026,07-04-2025
66166eaa96fb1df606179be5,132,2540,02-09-2024,03-05-2026
66166eaa96fb1df606179be6,166,4610,25-07-2025,14-10-2026
66166eaa96fb1df606179be7,427,4250,16-07-2024,03-08-2025
66166eaa96fb1df606179be8,205,2560,19-11-2024,01-09-2024
66166eaa96fb1df606179be9,126,6390,13-08-2024,04-07-2025
66166eaa96fb1df606179bea,171,2690,22-11-2023,09-12-2024
66166eaa96fb1df606179beb,211,1902,11-01-2026,24-07-2024
66166eaa96fb1df606179bec,447,2690,21-09-2025,09-10-2025
66166eaa96fb1df606179bed,91,4250,12-12-2023,07-07-2027
66166eaa96fb1df606179bee,241,5470,12-05-2025,12-04-2025
66166eaa96fb1df606179bef,202,6910,05-05-2024,07-01-2028
66166eaa96fb1df606179bf0,349,1890,31-01-2026,27-11-2024
66166eaa96fb1df606179bf1,202,6290,29-12-2024,26-04-2025
66166eaa96fb1df606179bf2,412,4201,27-02-2025,30-11-2025
66166eaa96fb1df606179bf3,490,6810,30-08-2024,21-11-2027
66166eaa96fb1df606179bf4,220,2710,20-05-2023,19-07-2025
66166eaa96fb1df606179bf5,31,5230,08-11-2025,31-10-2025
66166eaa96fb1df606179bf6,154,2560,19-10-2024,20-04-2027
66166eaa96fb1df606179bf7,462,2910,24-03-2026,13-03-2026
66166eaa96fb1df606179bf8,478,2350,01-07-2024,29-03-2025
66166eaa96fb1df606179bf9,297,4970,10-03-2024,22-09-2025
66166eaa96fb1df606179bfa,164,2031,02-03-2025,26-10-2025
66166eaa96fb1df606179bfb,444,7410,13-08-2024,11-05-2027
66166eaa96fb1df606179bfc,202,7252,17-12-2024,15-02-2027
66166eaa96fb1df606179bfd,445,6480,14-06-2024,30-08-2024
66166eab96fb1df606179bfe,300,4910,20-10-2023,18-11-2027
66166eab96fb1df606179bff,443,1790,02-09-2024,15-03-2025
66166eab96fb1df606179c00,422,1360,08-05-2025,06-03-2027
66166eab96fb1df606179c01,485,2560,10-05-2026,28-05-2027
66166eab96fb1df606179c02,282,5370,11-07-2024,02-02-2028
66166eab96fb1df606179c03,314,6410,25-03-2024,12-12-2026
66166eab96fb1df606179c04,423,7021,22-03-2026,12-11-2026
66166eab96fb1df606179c05,159,5180,07-04-2024,30-10-2027
66166eab96fb1df606179c06,102,6780,19-11-2025,28-03-2026
66166eab96fb1df606179c07,268,4021,05-05-2023,13-11-2026
66166eab96fb1df606179c08,477,2061,10-11-2023,22-07-2024
66166eab96fb1df606179c09,492,5960,13-12-2023,23-07-2024
66166eab96fb1df606179c0a,92,4370,24-03-2026,21-09-2025
66166eab96fb1df606179c0b,65,5670,08-02-2024,08-07-2025
66166eab96fb1df606179c0c,338,5420,13-02-2025,20-09-2027
66166eab96fb1df606179c0d,105,6240,11-01-2026,25-05-2026
66166eab96fb1df606179c0e,96,1720,11-03-2025,06-05-2026
66166eab96fb1df606179c0f,421,2580,17-10-2025,11-05-2025
66166eab96fb1df606179c10,371,4051,07-08-2023,11-07-2025
66166eab96fb1df606179c11,496,2760,09-05-2025,16-03-2026
66166eab96fb1df606179c12,1,5320,21-06-2023,20-07-2025
66166eab96fb1df606179c13,448,1530,29-04-2026,20-06-2025
66166eab96fb1df606179c14,302,7767,10-02-2024,04-09-2027
66166eab96fb1df606179c15,132,4860,16-12-2025,02-06-2026
66166eab96fb1df606179c16,402,1940,13-09-2023,22-01-2027
66166eab96fb1df606179c17,297,5270,06-07-2023,17-08-2025
66166eab96fb1df606179c18,11,2850,28-03-2026,21-04-2027
66166eab96fb1df606179c19,331,2590,27-02-2024,15-07-2026
66166eab96fb1df606179c1a,356,6401,11-10-2023,30-04-2025
66166eab96fb1df606179c1b,68,1052,25-05-2026,24-01-2026
66166eab96fb1df606179c1c,8,7701,13-11-2025,03-11-2027
66166eac96fb1df606179c1d,377,4701,31-05-2024,05-07-2027
66166eac96fb1df606179c1e,135,7662,21-12-2024,08-01-2026
66166eac96fb1df606179c1f,216,2430,05-05-2023,25-06-2027
66166eac96fb1df606179c20,269,1650,15-07-2023,17-04-2026
66166eac96fb1df606179c21,251,1920,02-04-2024,10-09-2025
66166eac96fb1df606179c22,276,7807,19-04-2025,20-12-2025
66166eac96fb1df606179c23,337,4301,21-03-2026,15-03-2027
66166eac96fb1df606179c24,449,4130,26-02-2025,23-12-2024
66166eac96fb1df606179c25,495,2970,13-05-2025,14-02-2025
66166eac96fb1df606179c26,113,7463,03-06-2025,16-03-2025
66166eac96fb1df606179c27,28,5960,21-10-2023,16-08-2025
66166eac96fb1df606179c28,236,7794,07-01-2024,29-12-2024
66166eac96fb1df606179c29,301,4230,13-05-2025,23-08-2026
66166eac96fb1df606179c2a,375,1702,25-02-2025,02-02-2027
66166eac96fb1df606179c2b,110,4870,12-04-2025,15-07-2025
66166eac96fb1df606179c2c,148,6091,28-04-2025,21-04-2025
66166eac96fb1df606179c2d,100,2801,16-12-2023,13-08-2027
66166eac96fb1df606179c2e,53,7318,11-06-2023,22-10-2024
66166eac96fb1df606179c2f,372,6170,11-11-2024,14-03-2027
66166eac96fb1df606179c30,27,5091,15-03-2026,30-08-2024
66166eac96fb1df606179c31,275,2950,28-08-2025,27-11-2024
66166eac96fb1df606179c32,37,7358,22-12-2025,26-08-2024
66166eac96fb1df606179c33,217,1560,01-03-2025,16-10-2025
66166eac96fb1df606179c34,24,7172,14-12-2023,10-03-2025
66166eac96fb1df606179c35,430,2630,18-06-2023,08-04-2025
66166eac96fb1df606179c36,394,4071,05-09-2023,15-01-2025
66166eac96fb1df606179c37,401,7662,02-09-2025,07-02-2027
66166eac96fb1df606179c38,250,6081,18-03-2026,07-04-2027
66166eac96fb1df606179c39,417,7031,07-08-2023,07-06-2026
66166eac96fb1df606179c3a,418,5170,10-04-2026,10-02-2026
66166eac96fb1df606179c3b,55,1490,05-04-2025,28-12-2024
66166eac96fb1df606179c3c,122,2160,21-02-2025,07-07-2027
66166ead96fb1df606179c3d,424,6310,25-08-2025,28-01-2027
66166ead96fb1df606179c3e,367,5380,05-11-2023,16-04-2027
66166ead96fb1df606179c3f,296,2860,08-12-2023,21-06-2024
66166ead96fb1df606179c40,209,7582,20-06-2025,03-01-2025
66166ead96fb1df606179c41,13,4790,17-09-2025,25-11-2026
66166ead96fb1df606179c42,182,6230,26-02-2024,09-04-2026
66166ead96fb1df606179c43,385,4021,02-05-2023,09-05-2025
66166ead96fb1df606179c44,231,7252,20-07-2025,15-07-2025
66166ead96fb1df606179c45,463,2760,01-03-2025,05-08-2025
66166ead96fb1df606179c46,353,6290,09-06-2025,22-03-2027
66166ead96fb1df606179c47,378,3940,02-04-2026,30-12-2027
66166ead96fb1df606179c48,392,2670,07-11-2024,04-08-2025
66166ead96fb1df606179c49,160,7021,08-06-2023,22-12-2026
66166ead96fb1df606179c4a,1,5690,08-01-2024,18-01-2027
66166ead96fb1df606179c4b,279,5102,04-03-2024,09-08-2025
66166ead96fb1df606179c4c,210,4580,30-06-2023,20-06-2027
66166ead96fb1df606179c4d,186,4120,22-02-2026,16-02-2026
66166ead96fb1df606179c4e,219,1502,05-04-2026,26-10-2025
66166ead96fb1df606179c4f,204,1580,22-12-2025,07-06-2025
66166ead96fb1df606179c50,324,1690,05-12-2024,05-05-2027
66166ead96fb1df606179c51,488,1790,14-02-2025,22-03-2025
66166ead96fb1df606179c52,4,2460,29-07-2024,22-12-2026
66166ead96fb1df606179c53,44,1970,04-05-2023,30-01-2027
66166ead96fb1df606179c54,405,4790,17-05-2026,21-01-2025
66166ead96fb1df606179c55,265,4980,03-10-2023,13-04-2026
66166ead96fb1df606179c56,339,6830,17-07-2024,07-01-2028
66166ead96fb1df606179c57,223,2870,26-04-2025,12-05-2026
66166ead96fb1df606179c58,195,4820,22-12-2024,08-02-2028
66166ead96fb1df606179c59,260,6051,16-10-2025,04-12-2026
66166ead96fb1df606179c5a,451,1420,01-11-2025,19-02-2026
66166ead96fb1df606179c5b,168,5201,20-05-2024,25-07-2024
66166ead96fb1df606179c5c,497,1360,21-06-2025,27-12-2026
66166ead96fb1df606179c5d,249,5240,07-04-2026,18-02-2025
66166eae96fb1df606179c5e,380,2401,02-03-2026,20-12-2025
66166eae96fb1df606179c5f,45,5310,28-07-2023,09-01-2026
66166eae96fb1df606179c60,257,6830,11-06-2025,06-02-2027
66166eae96fb1df606179c61,171,7041,08-12-2023,04-03-2025
66166eae96fb1df606179c62,424,2580,28-01-2026,03-08-2024
66166eae96fb1df606179c63,347,4102,26-09-2023,11-12-2026
66166eae96fb1df606179c64,141,7556,24-11-2025,10-08-2025
66166eae96fb1df606179c65,324,4910,29-07-2023,27-01-2028
66166eae96fb1df606179c66,399,4120,13-11-2025,11-11-2026
66166eae96fb1df606179c67,56,6401,02-05-2023,15-10-2027
66166eae96fb1df606179c68,217,1750,12-06-2023,13-11-2026
66166eae96fb1df606179c69,35,7172,21-04-2025,24-05-2026
66166eae96fb1df606179c6a,447,6470,27-06-2023,26-04-2027
66166eae96fb1df606179c6b,393,1940,26-02-2025,02-12-2025
66166eae96fb1df606179c6c,277,4150,27-05-2023,01-07-2024
66166eae96fb1df606179c6d,136,2730,04-05-2026,07-05-2027
66166eae96fb1df606179c6e,482,5380,09-04-2024,20-09-2027
66166eae96fb1df606179c6f,144,6380,08-09-2023,26-05-2025
66166eae96fb1df606179c70,383,2760,02-08-2023,06-03-2027
66166eae96fb1df606179c71,150,7754,05-02-2026,28-09-2027
66166eae96fb1df606179c72,7,1790,28-09-2024,12-08-2025
66166eae96fb1df606179c73,355,2780,01-03-2024,01-10-2027
66166eae96fb1df606179c74,370,6870,10-01-2024,03-04-2027
66166eae96fb1df606179c75,334,7305,18-03-2025,30-09-2025
66166eae96fb1df606179c76,250,1960,18-09-2023,12-08-2024
66166eae96fb1df606179c77,463,2670,06-03-2024,28-09-2025
66166eae96fb1df606179c78,94,5490,09-06-2025,19-03-2025
66166eaf96fb1df606179c79,136,1460,18-12-2025,22-11-2024
66166eaf96fb1df606179c7a,115,6370,29-07-2023,31-05-2026
66166eaf96fb1df606179c7b,199,5610,22-12-2025,01-01-2028
66166eaf96fb1df606179c7c,52,4560,02-07-2023,06-09-2027
66166eaf96fb1df606179c7d,348,2540,22-05-2023,30-10-2025
66166eaf96fb1df606179c7e,61,4970,26-07-2024,28-04-2025
66166eaf96fb1df606179c7f,414,6490,10-05-2024,27-09-2026
66166eaf96fb1df606179c80,209,2590,28-03-2025,05-09-2026
66166eaf96fb1df606179c81,459,3980,10-07-2023,11-01-2026
66166eaf96fb1df606179c82,231,4760,14-11-2025,14-01-2026
66166eaf96fb1df606179c83,343,2170,11-06-2025,14-07-2024
66166eaf96fb1df606179c84,491,5160,30-05-2024,14-01-2025
66166eaf96fb1df606179c85,415,5380,03-04-2025,25-03-2025
66166eaf96fb1df606179c86,187,7344,19-01-2025,25-01-2028
66166eaf96fb1df606179c87,184,7688,24-07-2023,20-12-2026
66166eaf96fb1df606179c88,277,6901,11-08-2025,16-03-2027
66166eaf96fb1df606179c89,231,7635,01-01-2025,15-04-2027
66166eaf96fb1df606179c8a,126,7767,11-05-2026,25-06-2025
66166eaf96fb1df606179c8b,395,5210,26-05-2026,13-01-2028
66166eaf96fb1df606179c8c,67,4021,27-06-2024,20-11-2027
66166eaf96fb1df606179c8d,489,7529,11-02-2025,08-09-2024
66166eaf96fb1df606179c8e,61,7635,28-03-2025,04-07-2025
66166eaf96fb1df606179c8f,339,6031,21-03-2024,21-11-2026
66166eaf96fb1df606179c90,111,4980,25-08-2025,25-08-2027
66166eaf96fb1df606179c91,434,7741,29-04-2025,23-11-2027
66166eaf96fb1df606179c92,270,6420,26-07-2023,06-01-2026
66166eaf96fb1df606179c93,11,6170,16-02-2026,30-08-2026
66166eaf96fb1df606179c94,298,1032,12-11-2024,27-06-2026
66166eaf96fb1df606179c95,462,1360,07-11-2023,09-12-2026
66166eaf96fb1df606179c96,407,5012,20-11-2023,28-08-2025
66166eaf96fb1df606179c97,86,6420,13-07-2024,20-12-2025
66166eaf96fb1df606179c98,426,6790,29-11-2023,08-04-2025
66166eb096fb1df606179c99,360,2510,20-05-2025,04-03-2026
66166eb096fb1df606179c9a,45,4580,06-06-2026,24-08-2025
66166eb096fb1df606179c9b,314,6150,12-09-2023,02-03-2025
66166eb096fb1df606179c9c,107,1062,05-08-2025,13-04-2027
66166eb096fb1df606179c9d,101,2870,27-06-2023,12-02-2027
66166eb096fb1df606179c9e,151,2730,19-06-2024,24-03-2027
66166eb096fb1df606179c9f,488,2640,25-07-2023,06-01-2025
66166eb096fb1df606179ca0,39,3901,08-01-2024,06-09-2024
66166eb096fb1df606179ca1,43,2580,14-01-2025,05-03-2026
66166eb096fb1df606179ca2,383,7331,11-12-2023,18-10-2025
66166eb096fb1df606179ca3,199,6140,06-04-2026,14-01-2026
66166eb096fb1df606179ca4,356,5680,27-02-2024,23-12-2026
66166eb096fb1df606179ca5,91,5410,25-07-2024,13-05-2027
66166eb096fb1df606179ca6,392,6350,11-10-2024,15-01-2028
66166eb096fb1df606179ca7,63,7728,08-02-2025,12-08-2026
66166eb096fb1df606179ca8,260,7012,22-10-2025,10-01-2028
66166eb096fb1df606179ca9,7,7199,24-09-2024,19-08-2026
66166eb096fb1df606179caa,104,4560,11-02-2026,30-12-2025
66166eb096fb1df606179cab,267,1902,02-09-2025,20-05-2026
66166eb096fb1df606179cac,468,2940,29-05-2026,26-09-2027
66166eb096fb1df606179cad,43,7516,16-03-2026,02-02-2026
66166eb096fb1df606179cae,305,4370,16-02-2026,04-02-2028
66166eb096fb1df606179caf,390,1430,30-01-2024,26-11-2025
66166eb096fb1df606179cb0,341,6480,06-02-2025,06-02-2028
66166eb096fb1df606179cb1,186,2340,06-05-2026,29-09-2025
66166eb096fb1df606179cb2,345,5190,15-10-2024,08-10-2024
66166eb096fb1df606179cb3,210,2301,22-03-2024,13-05-2025
66166eb096fb1df606179cb4,24,4601,27-12-2023,30-10-2025
66166eb096fb1df606179cb5,133,5980,25-12-2025,12-01-2025
66166eb096fb1df606179cb6,76,7172,24-08-2024,12-04-2027
66166eb096fb1df606179cb7,437,7371,04-04-2026,19-04-2027
66166eb096fb1df606179cb8,38,6081,03-08-2023,20-07-2027
66166eb096fb1df606179cb9,231,7093,30-12-2025,03-01-2028
66166eb196fb1df606179cba,294,1902,30-11-2023,21-07-2025
66166eb196fb1df606179cbb,16,1890,21-05-2024,28-09-2025
66166eb196fb1df606179cbc,60,2590,24-01-2025,05-02-2026
66166eb196fb1df606179cbd,136,4150,08-05-2024,09-04-2025
66166eb196fb1df606179cbe,295,1402,22-04-2024,26-04-2026
66166eb196fb1df606179cbf,84,4170,11-04-2025,19-02-2027
66166eb196fb1df606179cc0,78,4301,08-05-2024,29-05-2026
66166eb196fb1df606179cc1,284,7847,28-06-2023,19-05-2027
66166eb196fb1df606179cc2,178,6021,16-09-2023,22-02-2025
66166eb196fb1df606179cc3,218,5081,13-09-2025,07-10-2026
66166eb196fb1df606179cc4,388,4560,13-03-2026,26-10-2024
66166eb196fb1df606179cc5,468,1560,29-08-2025,22-01-2026
66166eb196fb1df606179cc6,464,1670,04-12-2024,30-10-2025
66166eb196fb1df606179cc7,195,2830,31-10-2024,25-10-2025
66166eb196fb1df606179cc8,486,2470,17-05-2024,29-07-2026
66166eb196fb1df606179cc9,100,4520,12-12-2025,29-09-2027
66166eb196fb1df606179cca,330,2950,05-10-2023,31-05-2026
66166eb196fb1df606179ccb,197,4710,20-02-2024,29-04-2025
66166eb196fb1df606179ccc,442,5430,30-11-2025,20-02-2025
66166eb196fb1df606179ccd,20,4601,09-11-2025,10-03-2026
66166eb196fb1df606179cce,277,2940,08-10-2025,04-03-2027
66166eb196fb1df606179ccf,70,3950,12-12-2025,11-08-2025
66166eb196fb1df606179cd0,443,1890,28-06-2025,15-01-2027
66166eb196fb1df606179cd1,500,1640,18-05-2025,04-10-2027
66166eb196fb1df606179cd2,450,2960,06-02-2025,03-08-2026
66166eb196fb1df606179cd3,254,2430,29-03-2026,30-07-2027
66166eb196fb1df606179cd4,425,4230,29-02-2024,19-03-2027
66166eb196fb1df606179cd5,451,6401,15-03-2025,22-06-2027
66166eb196fb1df606179cd6,441,7741,02-06-2025,17-11-2026
66166eb196fb1df606179cd7,132,6920,18-05-2026,05-08-2026
66166eb196fb1df606179cd8,139,4520,10-08-2025,06-12-2026
66166eb196fb1df606179cd9,252,1960,09-04-2026,22-05-2027
66166eb296fb1df606179cda,42,2570,07-06-2024,27-03-2027
66166eb296fb1df606179cdb,56,1930,28-10-2024,24-09-2027
66166eb296fb1df606179cdc,248,6920,22-02-2024,14-05-2025
66166eb296fb1df606179cdd,122,2670,11-10-2023,30-07-2027
66166eb296fb1df606179cde,174,1680,20-08-2024,20-01-2025
66166eb296fb1df606179cdf,477,6430,25-01-2024,29-01-2027
66166eb296fb1df606179ce0,479,4820,23-05-2025,30-10-2026
66166eb296fb1df606179ce1,199,3960,02-01-2024,21-09-2025
66166eb296fb1df606179ce2,165,2401,04-01-2024,08-02-2027
66166eb296fb1df606179ce3,287,4980,24-05-2025,11-04-2027
66166eb296fb1df606179ce4,342,2081,22-01-2024,27-04-2027
66166eb296fb1df606179ce5,170,7384,10-12-2023,01-06-2025
66166eb296fb1df606179ce6,430,4120,13-05-2026,04-02-2027
66166eb296fb1df606179ce7,343,5390,17-05-2026,17-07-2024
66166eb296fb1df606179ce8,293,5021,20-03-2026,21-04-2025
66166eb296fb1df606179ce9,150,6840,08-10-2025,08-11-2026
66166eb296fb1df606179cea,191,1860,09-09-2024,16-10-2026
66166eb296fb1df606179ceb,407,7834,23-03-2026,19-07-2026
66166eb296fb1df606179cec,258,6870,13-06-2025,27-02-2025
66166eb296fb1df606179ced,457,5980,03-05-2025,14-07-2025
66166eb296fb1df606179cee,100,4910,01-12-2023,04-03-2025
66166eb296fb1df606179cef,486,7371,20-12-2025,19-02-2026
66166eb296fb1df606179cf0,206,2610,26-09-2023,05-10-2027
66166eb296fb1df606179cf1,122,2150,14-06-2025,02-12-2025
66166eb396fb1df606179cf2,363,4160,20-11-2023,17-11-2024
66166eb396fb1df606179cf3,222,5180,10-11-2024,04-12-2024
66166eb396fb1df606179cf4,213,5430,20-08-2025,30-05-2025
66166eb396fb1df606179cf5,173,2340,17-03-2026,01-05-2026
66166eb396fb1df606179cf6,141,7331,21-08-2024,13-02-2028
66166eb396fb1df606179cf7,483,7450,20-03-2024,28-02-2026
66166eb396fb1df606179cf8,184,4690,23-10-2023,02-02-2025
66166eb396fb1df606179cf9,355,4310,06-04-2024,06-01-2028
66166eb396fb1df606179cfa,398,5130,29-03-2025,30-11-2027
66166eb396fb1df606179cfb,497,3940,19-07-2023,06-11-2026
66166eb396fb1df606179cfc,287,4801,04-10-2023,30-01-2026
66166eb396fb1df606179cfd,415,5041,11-08-2023,06-02-2027
66166eb396fb1df606179cfe,289,7701,31-05-2026,18-11-2025
66166eb396fb1df606179cff,391,1750,03-07-2024,11-04-2026
66166eb396fb1df606179d00,488,7133,10-08-2023,29-08-2026
66166eb396fb1df606179d01,77,3980,12-08-2023,02-07-2026
66166eb396fb1df606179d02,181,2860,05-11-2025,11-01-2027
66166eb396fb1df606179d03,59,6901,15-10-2024,26-01-2025
66166eb396fb1df606179d04,54,6310,13-05-2024,10-09-2026
66166eb396fb1df606179d05,67,5102,26-08-2024,10-10-2026
66166eb396fb1df606179d06,259,7582,23-06-2025,19-09-2025
66166eb396fb1df606179d07,149,1570,30-01-2026,05-11-2025
66166eb396fb1df606179d08,77,6190,25-07-2023,26-09-2025
66166eb396fb1df606179d09,439,4102,26-03-2024,26-03-2027
66166eb396fb1df606179d0a,221,5430,10-11-2024,02-10-2027
66166eb396fb1df606179d0b,203,1450,25-11-2025,10-12-2027
66166eb396fb1df606179d0c,427,7675,28-11-2024,15-02-2025
66166eb396fb1df606179d0d,485,2490,10-05-2023,09-08-2026
66166eb396fb1df606179d0e,494,6190,23-08-2023,04-01-2025
66166eb396fb1df606179d0f,342,1902,14-05-2026,28-09-2024
66166eb396fb1df606179d10,39,5370,09-10-2023,02-05-2025
66166eb396fb1df606179d11,69,7120,14-05-2025,08-11-2025
66166eb496fb1df606179d12,431,2690,17-07-2024,08-05-2025
66166eb496fb1df606179d13,1,6120,11-03-2025,09-01-2026
66166eb496fb1df606179d14,121,2540,17-06-2025,14-03-2027
66166eb496fb1df606179d15,347,6012,30-11-2025,11-03-2026
66166eb496fb1df606179d16,499,7754,03-08-2023,03-07-2026
66166eb496fb1df606179d17,479,3940,19-04-2026,22-11-2025
66166eb496fb1df606179d18,212,1860,02-06-2026,18-07-2026
66166eb496fb1df606179d19,108,2071,13-10-2024,30-07-2025
66166eb496fb1df606179d1a,252,5320,08-12-2023,20-10-2027
66166eb496fb1df606179d1b,163,7834,04-01-2025,04-04-2026
66166eb496fb1df606179d1c,280,2870,08-02-2026,30-03-2026
66166eb496fb1df606179d1d,486,2410,03-03-2026,22-01-2028
66166eb496fb1df606179d1e,19,4260,25-11-2024,29-09-2025
66166eb496fb1df606179d1f,149,6470,01-03-2024,08-03-2027
66166eb496fb1df606179d20,401,6970,21-08-2023,01-04-2027
66166eb496fb1df606179d21,75,4701,20-04-2025,31-03-2025
66166eb496fb1df606179d22,55,6940,23-12-2023,02-06-2025
66166eb496fb1df606179d23,320,5490,14-06-2024,18-04-2026
66166eb496fb1df606179d24,32,3901,30-07-2023,19-10-2027
66166eb496fb1df606179d25,36,6501,10-10-2025,21-03-2027
66166eb496fb1df606179d26,440,2890,10-06-2025,14-09-2026
66166eb496fb1df606179d27,264,2910,25-01-2025,06-06-2026
66166eb496fb1df606179d28,325,6031,09-11-2023,22-03-2027
66166eb496fb1df606179d29,462,6940,08-07-2023,03-09-2026
66166eb496fb1df606179d2a,352,7715,13-09-2025,09-04-2027
66166eb496fb1df606179d2b,67,5081,17-11-2023,05-04-2025
66166eb496fb1df606179d2c,368,4801,22-06-2023,18-02-2025
66166eb496fb1df606179d2d,107,4350,27-08-2023,28-04-2026
66166eb496fb1df606179d2e,434,2950,08-06-2026,29-11-2027
66166eb496fb1df606179d2f,147,5970,28-11-2025,04-09-2027
66166eb496fb1df606179d30,21,4670,08-05-2025,06-10-2024
66166eb496fb1df606179d31,245,4590,04-06-2023,23-08-2026
66166eb596fb1df606179d32,486,4290,21-12-2024,29-05-2027
66166eb596fb1df606179d33,217,7239,02-01-2026,19-07-2025
66166eb596fb1df606179d34,269,5460,26-04-2026,24-03-2026
66166eb596fb1df606179d35,405,5410,12-07-2023,28-04-2026
66166eb596fb1df606179d36,435,4620,27-06-2024,05-11-2027
66166eb596fb1df606179d37,106,4830,01-07-2025,13-10-2027
66166eb596fb1df606179d38,353,1690,07-11-2024,29-12-2027
66166eb596fb1df606179d39,336,2830,19-05-2024,17-03-2026
66166eb596fb1df606179d3a,349,5470,11-09-2024,09-12-2025
66166eb596fb1df606179d3b,40,3940,09-12-2023,03-05-2026
66166eb596fb1df606179d3c,442,7477,02-03-2024,14-10-2027
66166eb596fb1df606179d3d,296,1430,16-12-2023,04-12-2025
66166eb596fb1df606179d3e,21,1980,29-05-2025,24-12-2026
66166eb596fb1df606179d3f,251,4390,07-03-2025,18-04-2025
66166eb596fb1df606179d40,185,6120,17-08-2024,23-09-2025
66166eb596fb1df606179d41,218,1702,14-07-2025,03-11-2026
66166eb596fb1df606179d42,418,2061,14-11-2024,02-07-2024
66166eb596fb1df606179d43,176,6920,22-12-2024,27-12-2024
66166eb596fb1df606179d44,327,3970,06-07-2025,06-12-2024
66166eb596fb1df606179d45,215,2380,01-11-2024,12-07-2025
66166eb596fb1df606179d46,439,7715,23-10-2025,25-08-2024
66166eb596fb1df606179d47,424,1640,10-11-2025,02-03-2026
66166eb596fb1df606179d48,308,4780,01-08-2023,18-10-2027
66166eb596fb1df606179d49,366,1470,11-04-2026,25-08-2024
66166eb596fb1df606179d4a,405,7847,08-07-2023,08-10-2024
66166eb596fb1df606179d4b,152,6420,08-01-2024,27-06-2025
66166eb596fb1df606179d4c,270,4230,07-04-2024,28-03-2026
66166eb596fb1df606179d4d,236,2390,30-11-2024,15-11-2024
66166eb596fb1df606179d4e,323,6930,02-02-2024,07-09-2027
66166eb596fb1df606179d4f,185,4061,28-07-2024,16-08-2026
66166eb596fb1df606179d50,361,3950,18-12-2025,08-06-2026
