_id,PID,client_name,name,startDate,endDate
66166e9296fb1df606179968,1023,Devbug,Voyatouch,18-05-2025,19-03-2025
66166e9296fb1df606179969,1032,Flashset,Bytecard,29-06-2025,19-04-2027
66166e9296fb1df60617996a,1042,Skippad,Fix San,16-12-2024,13-12-2026
66166e9296fb1df60617996b,1052,Fiveclub,Zoolab,09-11-2024,01-11-2026
66166e9296fb1df60617996c,1062,Gevee,Fintone,23-05-2025,08-04-2025
66166e9296fb1df60617996d,1072,Brainsphere,Lotstring,07-07-2023,29-04-2027
66166e9296fb1df60617996e,1082,Linktype,Flowdesk,06-06-2024,23-09-2025
66166e9296fb1df60617996f,1092,Youtags,Zontrax,25-07-2023,27-11-2026
66166e9396fb1df606179970,1203,Dynazzy,Greenlam,27-10-2025,23-12-2026
66166e9396fb1df606179971,1230,Edgeify,Ventosanzap,26-03-2026,03-11-2026
66166e9396fb1df606179972,1240,Centimia,Veribet,09-09-2024,29-06-2024
66166e9396fb1df606179973,1250,Photospace,Otcom,01-10-2023,01-01-2026
66166e9396fb1df606179974,1260,Ozu,Tresom,29-06-2024,23-02-2026
66166e9396fb1df606179975,1270,Skipfire,Zathin,15-04-2024,24-10-2027
66166e9396fb1df606179976,1280,Twimbo,Treeflex,02-11-2025,27-12-2024
66166e9396fb1df606179977,1290,Eabox,Treeflex,12-07-2025,22-01-2028
66166e9396fb1df606179978,1302,Edgeify,Fix San,27-10-2024,01-06-2024
66166e9396fb1df606179979,1320,Oyope,Sonair,20-03-2025,21-12-2024
66166e9396fb1df60617997a,1340,BlogXS,Sub-Ex,02-12-2025,13-06-2025
66166e9396fb1df60617997b,1350,BlogXS,Prodder,27-12-2023,13-08-2025
66166e9396fb1df60617997c,1360,Bubbletube,Lotlux,05-10-2025,29-07-2024
66166e9396fb1df60617997d,1370,Quamba,Aerified,06-06-2024,03-01-2027
66166e9396fb1df60617997e,1380,Kwilith,Trippledex,19-09-2024,27-02-2025
66166e9396fb1df60617997f,1390,Zoomlounge,Namfix,12-09-2025,20-07-2024
66166e9396fb1df606179980,1402,Kazu,Bigtax,25-10-2023,24-12-2027
66166e9396fb1df606179981,1420,Quinu,Alphazap,17-08-2025,15-04-2026
66166e9396fb1df606179982,1430,Wordify,Y-Solowarm,23-02-2024,16-08-2025
66166e9396fb1df606179983,1450,Bluezoom,Keylex,29-05-2023,15-06-2024
66166e9396fb1df606179984,1460,Twitterbridge,Subin,04-06-2024,08-06-2027
66166e9396fb1df606179985,1470,Photolist,Daltfresh,27-11-2024,22-09-2024
66166e9396fb1df606179986,1480,Zoomdog,Voyatouch,13-05-2024,02-07-2025
66166e9396fb1df606179987,1490,Kwideo,Tampflex,29-04-2025,07-02-2027
66166e9396fb1df606179988,1502,Shufflester,Prodder,20-09-2024,22-09-2024
66166e9396fb1df606179989,1520,Voonder,Konklab,26-10-2025,03-12-2025
66166e9396fb1df60617998a,1530,Jaxnation,Asoka,26-10-2025,08-05-2027
66166e9496fb1df60617998b,1540,Quinu,Vagram,02-08-2024,08-10-2024
66166e9496fb1df60617998c,1560,Rhybox,Opela,28-08-2024,08-06-2027
66166e9496fb1df60617998d,1570,Centidel,Bamity,19-02-2024,18-04-2024
66166e9496fb1df60617998e,1580,Wordware,Biodex,25-07-2023,09-08-2026
66166e9496fb1df60617998f,1590,Topdrive,Stim,17-07-2023,18-10-2027
66166e9496fb1df606179990,1602,Muxo,Zoolab,27-08-2024,29-09-2027
66166e9496fb1df606179991,1620,Quatz,Lotlux,04-08-2024,10-08-2027
66166e9496fb1df606179992,1630,Skiba,Zathin,17-06-2023,06-07-2027
66166e9496fb1df606179993,1640,Yombu,Stim,12-03-2026,12-02-2026
66166e9496fb1df606179994,1650,Skippad,Job,22-03-2024,17-07-2025
66166e9496fb1df606179995,1670,Twimbo,Solarbreeze,12-10-2023,30-01-2027
66166e9496fb1df606179996,1680,Quinu,Cookley,16-05-2023,21-05-2024
66166e9496fb1df606179997,1690,Oyondu,Kanlam,19-09-2023,15-04-2026
66166e9496fb1df606179998,1702,Devshare,Sonsing,21-06-2024,04-03-2025
66166e9496fb1df606179999,1720,Gabspot,Y-find,25-09-2024,04-02-2026
66166e9496fb1df60617999a,1730,Mybuzz,Regrant,21-09-2024,11-09-2027
66166e9496fb1df60617999b,1740,Dynabox,Zathin,24-07-2023,21-11-2027
66166e9496fb1df60617999c,1750,Youopia,Tres-Zap,14-10-2023,18-04-2026
66166e9496fb1df60617999d,1760,Divanoodle,Zontrax,06-10-2024,08-10-2024
66166e9496fb1df60617999e,1780,Layo,Tres-Zap,14-01-2025,15-11-2024
66166e9496fb1df60617999f,1790,Jaxspan,It,18-09-2025,22-09-2027
66166e9496fb1df6061799a0,1802,Jabberstorm,Zontrax,08-05-2023,26-01-2026
66166e9496fb1df6061799a1,1820,Rhyloo,Pannier,22-06-2025,15-11-2024
66166e9496fb1df6061799a2,1830,Wikido,Keylex,02-12-2025,23-05-2025
66166e9496fb1df6061799a3,1840,Wordware,Cookley,12-04-2024,14-01-2027
66166e9496fb1df6061799a4,1850,Livetube,Matsoft,11-03-2026,04-03-2026
66166e9596fb1df6061799a5,1860,Browseblab,Overhold,04-04-2024,05-09-2026
66166e9596fb1df6061799a6,1870,Jaxnation,Konklux,20-06-2025,14-10-2024
66166e9596fb1df6061799a7,1890,Thoughtworks,Zathin,22-10-2024,10-07-2024
66166e9596fb1df6061799a8,1902,Flipbug,Regrant,24-04-2026,29-10-2026
66166e9596fb1df6061799a9,1920,Zava,Zontrax,22-03-2026,09-02-2025
66166e9596fb1df6061799aa,1930,Fivechat,Overhold,01-12-2025,26-03-2026
66166e9596fb1df6061799ab,1940,Thoughtstorm,Solarbreeze,19-09-2023,31-05-2024
66166e9596fb1df6061799ac,1950,Zoonoodle,Daltfresh,19-11-2023,12-07-2027
66166e9596fb1df6061799ad,1960,Skinix,Sonair,02-11-2023,16-07-2025
66166e9596fb1df6061799ae,1970,Rhynoodle,Rank,10-06-2024,07-06-2026
66166e9596fb1df6061799af,1980,Roombo,Flowdesk,23-04-2025,17-02-2025
66166e9596fb1df6061799b0,2013,Quire,Span,06-02-2025,02-12-2026
66166e9596fb1df6061799b1,2031,Brainbox,Konklux,29-05-2026,08-09-2026
66166e9596fb1df6061799b2,2041,Roomm,Flowdesk,21-12-2023,06-05-2027
66166e9596fb1df6061799b3,2051,Voolith,Duobam,22-02-2026,04-06-2027
66166e9596fb1df6061799b4,2061,Quinu,Rank,10-08-2025,17-12-2024
66166e9596fb1df6061799b5,2071,Oloo,Alpha,14-08-2025,14-06-2027
66166e9596fb1df6061799b6,2081,Jazzy,Greenlam,11-10-2023,19-02-2025
66166e9596fb1df6061799b7,2091,Jamia,Matsoft,25-01-2025,27-06-2026
66166e9596fb1df6061799b8,2103,Mymm,Bamity,19-01-2024,24-09-2024
66166e9596fb1df6061799b9,2130,Trilia,Sonair,17-08-2025,01-01-2026
66166e9596fb1df6061799ba,2140,Jabbercube,Andalax,11-09-2023,22-02-2026
66166e9596fb1df6061799bb,2150,Blogpad,Bitwolf,18-04-2026,13-11-2026
66166e9596fb1df6061799bc,2160,Innotype,Domainer,13-04-2026,19-11-2025
66166e9596fb1df6061799bd,2170,Livefish,Regrant,08-09-2024,18-01-2026
66166e9596fb1df6061799be,2180,Voolia,Zontrax,19-06-2023,12-10-2026
66166e9596fb1df6061799bf,2190,Topiclounge,Duobam,20-11-2025,26-09-2025
66166e9696fb1df6061799c0,2301,Riffpath,Lotstring,26-05-2024,21-10-2027
66166e9696fb1df6061799c1,2310,Jaxspan,Viva,06-03-2024,07-04-2026
66166e9696fb1df6061799c2,2340,Wordify,Matsoft,28-08-2024,12-12-2025
66166e9696fb1df6061799c3,2350,Ainyx,Voltsillam,27-03-2025,26-03-2025
66166e9696fb1df6061799c4,2360,Cogidoo,Regrant,21-08-2023,19-08-2026
66166e9696fb1df6061799c5,2370,Brainlounge,Gembucket,21-05-2026,01-09-2025
66166e9696fb1df6061799c6,2380,Vinte,Solarbreeze,03-05-2026,01-05-2024
66166e9696fb1df6061799c7,2390,Brainlounge,Otcom,09-08-2023,10-10-2027
66166e9696fb1df6061799c8,2401,JumpXS,Flexidy,09-07-2025,09-08-2025
66166e9696fb1df6061799c9,2410,Dazzlesphere,Home Ing,03-02-2026,21-06-2027
66166e9696fb1df6061799ca,2430,Photofeed,Fintone,03-10-2024,13-11-2027
66166e9696fb1df6061799cb,2450,Thoughtbridge,Stim,19-04-2024,15-09-2024
66166e9696fb1df6061799cc,2460,Oyondu,Regrant,16-08-2024,18-09-2026
66166e9696fb1df6061799cd,2470,Yacero,Wrapsafe,16-03-2025,21-09-2026
66166e9696fb1df6061799ce,2480,Yombu,Duobam,30-09-2024,24-02-2027
66166e9696fb1df6061799cf,2490,Devpoint,Zamit,27-10-2024,06-04-2027
66166e9696fb1df6061799d0,2501,Centidel,Daltfresh,17-05-2025,16-05-2025
66166e9696fb1df6061799d1,2510,Devbug,Sonair,24-11-2025,13-08-2024
66166e9696fb1df6061799d2,2530,Tekfly,Fix San,18-06-2024,03-01-2028
66166e9696fb1df6061799d3,2540,Katz,Flexidy,25-05-2025,28-07-2026
66166e9696fb1df6061799d4,2560,Fadeo,Domainer,02-08-2024,31-07-2027
66166e9696fb1df6061799d5,2570,Gigazoom,Subin,01-08-2024,16-07-2027
66166e9696fb1df6061799d6,2580,Blogtag,Namfix,05-06-2023,27-11-2025
66166e9696fb1df6061799d7,2590,Teklist,Lotstring,20-08-2024,17-08-2024
66166e9696fb1df6061799d8,2601,Babbleblab,Tresom,16-02-2024,13-06-2024
66166e9696fb1df6061799d9,2610,Realpoint,Fixflex,13-08-2024,03-12-2026
66166e9696fb1df6061799da,2630,Kwimbee,Tempsoft,19-08-2023,17-09-2024
66166e9796fb1df6061799db,2640,Oloo,Fix San,17-10-2024,25-04-2027
66166e9796fb1df6061799dc,2650,Skippad,Zathin,26-12-2025,19-01-2027
66166e9796fb1df6061799dd,2670,Linkbuzz,Y-Solowarm,29-09-2023,08-02-2027
66166e9796fb1df6061799de,2680,Jatri,Quo Lux,19-10-2023,24-10-2027
66166e9796fb1df6061799df,2690,Youbridge,Lotstring,13-04-2025,10-08-2027
66166e9796fb1df6061799e0,2701,Edgewire,Latlux,25-06-2025,01-09-2025
66166e9796fb1df6061799e1,2710,Rooxo,Alphazap,13-11-2025,09-01-2027
66166e9796fb1df6061799e2,2730,Meezzy,Rank,12-11-2024,29-08-2026
66166e9796fb1df6061799e3,2740,Rhyloo,Vagram,04-09-2023,09-10-2025
66166e9796fb1df6061799e4,2750,Buzzshare,Bigtax,01-03-2026,17-06-2026
66166e9796fb1df6061799e5,2760,Wikibox,Temp,12-11-2025,13-09-2024
66166e9796fb1df6061799e6,2780,Zoombox,Voyatouch,14-02-2024,19-10-2025
66166e9796fb1df6061799e7,2790,Zoozzy,Zamit,05-04-2025,28-11-2026
66166e9796fb1df6061799e8,2801,Aimbu,Y-find,07-12-2025,29-03-2026
66166e9796fb1df6061799e9,2810,Abata,Subin,30-01-2026,27-10-2027
66166e9796fb1df6061799ea,2830,Demizz,Cookley,05-02-2026,06-01-2025
66166e9796fb1df6061799eb,2840,Brainbox,Flowdesk,05-01-2026,08-12-2025
66166e9796fb1df6061799ec,2850,Meeveo,Tempsoft,09-10-2025,07-10-2024
66166e9796fb1df6061799ed,2860,Brainlounge,Sonsing,12-05-2025,07-06-2026
66166e9796fb1df6061799ee,2870,Fivechat,It,09-08-2025,24-11-2026
66166e9796fb1df6061799ef,2890,Trudeo,Home Ing,22-02-2026,28-07-2026
66166e9796fb1df6061799f0,2901,Roodel,Sub-Ex,04-12-2023,16-02-2026
66166e9796fb1df6061799f1,2910,Brainverse,Subin,14-01-2026,12-07-2026
66166e9796fb1df6061799f2,2930,Ntags,Zaam-Dox,18-03-2025,18-05-2027
66166e9796fb1df6061799f3,2940,Avamba,Sonair,11-06-2024,29-06-2027
66166e9796fb1df6061799f4,2950,Skivee,Zathin,08-05-2024,28-08-2026
66166e9796fb1df6061799f5,2960,Feedfire,Flowdesk,25-05-2024,26-03-2025
66166e9796fb1df6061799f6,2970,Shufflester,Bytecard,09-05-2023,07-02-2025
66166e9896fb1df6061799f7,3012,Meejo,Fix San,09-09-2025,15-12-2024
66166e9896fb1df6061799f8,3021,Gigaclub,Voltsillam,30-06-2023,09-08-2025
66166e9896fb1df6061799f9,3041,Photospace,Quo Lux,23-02-2026,31-05-2026
66166e9896fb1df6061799fa,3051,Gigabox,Treeflex,28-04-2025,18-12-2026
66166e9896fb1df6061799fb,3061,Livetube,Ronstring,26-11-2024,29-08-2027
66166e9896fb1df6061799fc,3071,Voomm,It,21-04-2026,10-02-2028
66166e9896fb1df6061799fd,3081,Zoomcast,Fix San,12-10-2023,25-05-2026
66166e9896fb1df6061799fe,3091,Eayo,Transcof,18-11-2023,15-11-2026
66166e9896fb1df6061799ff,3102,Linktype,Greenlam,11-06-2024,10-06-2026
66166e9896fb1df606179a00,3120,Mynte,Pannier,02-11-2023,06-07-2025
66166e9896fb1df606179a01,3140,Meejo,Regrant,01-06-2023,11-07-2026
66166e9896fb1df606179a02,3150,Quaxo,Y-find,10-12-2023,08-03-2027
66166e9896fb1df606179a03,3160,Oyoloo,Job,13-11-2025,10-01-2026
66166e9896fb1df606179a04,3170,Voomm,Aerified,26-10-2023,29-01-2028
66166e9896fb1df606179a05,3180,Dynava,Lotstring,30-06-2023,02-08-2026
66166e9896fb1df606179a06,3190,Eazzy,Job,11-11-2025,04-03-2026
66166e9896fb1df606179a07,3201,Roombo,Tres-Zap,26-11-2023,18-07-2024
66166e9896fb1df606179a08,3210,Trilia,Zathin,29-12-2024,02-07-2024
66166e9896fb1df606179a09,3240,Ainyx,Transcof,13-10-2025,16-03-2026
66166e9896fb1df606179a0a,3250,Fanoodle,Viva,10-10-2023,25-09-2024
66166e9896fb1df606179a0b,3260,Tambee,Tin,05-08-2025,02-10-2025
66166e9896fb1df606179a0c,3270,Thoughtmix,Voyatouch,15-09-2025,14-09-2025
66166e9896fb1df606179a0d,3280,Brainbox,Stim,18-01-2025,13-02-2027
66166e9896fb1df606179a0e,3290,Einti,Tres-Zap,16-05-2024,05-12-2026
66166e9896fb1df606179a0f,3401,Dabfeed,Transcof,20-06-2024,26-08-2024
66166e9896fb1df606179a10,3410,Zoombox,Cardify,10-04-2025,07-12-2026
66166e9896fb1df606179a11,3420,Rhynyx,Stim,20-04-2024,11-05-2027
66166e9996fb1df606179a12,3450,InnoZ,Zontrax,29-07-2023,19-09-2025
66166e9996fb1df606179a13,3460,Centidel,Gembucket,23-02-2025,13-02-2028
66166e9996fb1df606179a14,3470,Tazz,Wrapsafe,15-05-2023,24-04-2027
66166e9996fb1df606179a15,3480,Meemm,Aerified,19-06-2023,18-07-2025
66166e9996fb1df606179a16,3490,Dazzlesphere,Quo Lux,12-02-2024,11-01-2028
66166e9996fb1df606179a17,3501,Ntag,Ronstring,29-09-2023,24-08-2024
66166e9996fb1df606179a18,3510,Yoveo,Kanlam,31-07-2024,24-09-2025
66166e9996fb1df606179a19,3520,Eimbee,Zaam-Dox,04-05-2024,11-10-2026
66166e9996fb1df606179a1a,3540,Kanoodle,Voltsillam,13-10-2023,09-12-2024
66166e9996fb1df606179a1b,3560,Bubblebox,Flowdesk,25-08-2023,06-06-2025
66166e9996fb1df606179a1c,3570,Ntag,Alpha,09-11-2024,23-01-2026
66166e9996fb1df606179a1d,3580,Edgeblab,Flexidy,20-08-2025,05-08-2026
66166e9996fb1df606179a1e,3590,Quaxo,Toughjoyfax,10-06-2024,19-03-2025
66166e9996fb1df606179a1f,3601,Divavu,Andalax,29-02-2024,06-08-2025
66166e9996fb1df606179a20,3610,Lazz,Duobam,01-02-2025,05-11-2024
66166e9996fb1df606179a21,3620,Oyoloo,Rank,09-04-2025,22-02-2026
66166e9996fb1df606179a22,3640,Mydo,Temp,19-01-2024,16-04-2024
66166e9996fb1df606179a23,3650,Buzzdog,Trippledex,14-02-2026,15-03-2025
66166e9996fb1df606179a24,3670,Blogpad,Daltfresh,30-03-2025,22-07-2024
66166e9996fb1df606179a25,3680,Devify,Tampflex,27-07-2025,05-01-2027
66166e9996fb1df606179a26,3690,Wikizz,Bitwolf,11-05-2025,12-09-2026
66166e9996fb1df606179a27,3701,Bluezoom,Alphazap,09-07-2024,05-03-2026
66166e9996fb1df606179a28,3710,Thoughtblab,Temp,28-05-2023,08-04-2027
66166e9996fb1df606179a29,3720,Jabbersphere,Holdlamis,13-08-2024,19-04-2026
66166e9996fb1df606179a2a,3740,Vinder,Veribet,09-06-2023,02-11-2026
66166e9996fb1df606179a2b,3750,Shuffletag,Stringtough,12-03-2024,25-07-2024
66166e9996fb1df606179a2c,3760,Rhycero,Mat Lam Tam,02-06-2025,02-10-2024
66166e9a96fb1df606179a2d,3780,Trunyx,Y-Solowarm,19-05-2026,09-07-2024
66166e9a96fb1df606179a2e,3790,Twitterlist,Sonair,14-09-2024,06-02-2027
66166e9a96fb1df606179a2f,3801,Skidoo,Wrapsafe,05-07-2024,18-11-2026
66166e9a96fb1df606179a30,3810,Dabshots,Fix San,11-08-2023,15-09-2027
66166e9a96fb1df606179a31,3820,Oloo,Lotstring,07-07-2023,29-11-2025
66166e9a96fb1df606179a32,3840,Realfire,Zaam-Dox,17-04-2026,23-08-2026
66166e9a96fb1df606179a33,3850,Realpoint,Solarbreeze,24-05-2025,15-08-2027
66166e9a96fb1df606179a34,3860,Thoughtblab,Span,14-12-2023,04-09-2026
66166e9a96fb1df606179a35,3870,Flipopia,Stronghold,10-01-2025,18-11-2025
66166e9a96fb1df606179a36,3890,Wikibox,Zontrax,08-11-2025,01-12-2027
66166e9a96fb1df606179a37,3901,Meedoo,Bamity,09-07-2023,03-10-2024
66166e9a96fb1df606179a38,3910,Skilith,Stronghold,22-05-2026,11-11-2026
66166e9a96fb1df606179a39,3920,Skalith,Tres-Zap,06-07-2025,26-07-2024
66166e9a96fb1df606179a3a,3940,Oba,Quo Lux,12-11-2023,26-10-2026
66166e9a96fb1df606179a3b,3950,Brainsphere,Home Ing,05-06-2025,09-01-2028
66166e9a96fb1df606179a3c,3960,Oodoo,Bamity,11-04-2026,23-01-2027
66166e9a96fb1df606179a3d,3970,Roomm,Bigtax,17-12-2024,01-09-2027
66166e9a96fb1df606179a3e,3980,Mita,Stim,25-04-2023,04-05-2024
66166e9a96fb1df606179a3f,4012,Demizz,Mat Lam Tam,21-12-2024,09-12-2026
66166e9a96fb1df606179a40,4021,Kaymbo,Transcof,17-06-2023,02-05-2026
66166e9a96fb1df606179a41,4031,Minyx,Bitchip,17-01-2025,05-03-2025
66166e9a96fb1df606179a42,4051,Linkbuzz,Stronghold,21-06-2023,10-03-2025
66166e9a96fb1df606179a43,4061,Jabbersphere,Tin,15-02-2025,30-01-2026
66166e9a96fb1df606179a44,4071,Meevee,Job,10-11-2025,25-06-2024
66166e9a96fb1df606179a45,4081,BlogXS,Home Ing,18-01-2025,10-09-2027
66166e9a96fb1df606179a46,4091,Rhynoodle,Prodder,29-03-2024,31-07-2025
66166e9b96fb1df606179a47,4102,Twimm,Wrapsafe,31-07-2025,20-04-2027
66166e9b96fb1df606179a48,4120,Edgepulse,Bitchip,04-06-2026,30-01-2026
66166e9b96fb1df606179a49,4130,Jayo,Andalax,08-07-2023,05-10-2027
66166e9b96fb1df606179a4a,4150,Voonix,Temp,08-08-2025,24-06-2025
66166e9b96fb1df606179a4b,4160,Voonix,Stim,06-07-2023,09-11-2024
66166e9b96fb1df606179a4c,4170,Fliptune,Prodder,23-01-2024,03-10-2025
66166e9b96fb1df606179a4d,4180,Feedmix,Duobam,30-09-2023,27-04-2024
66166e9b96fb1df606179a4e,4190,Skalith,Zontrax,28-10-2025,28-05-2026
66166e9b96fb1df606179a4f,4201,Buzzster,Namfix,10-01-2026,21-03-2025
66166e9b96fb1df606179a50,4210,Twinte,Bytecard,11-07-2023,24-12-2025
66166e9b96fb1df606179a51,4230,Edgetag,Voyatouch,06-01-2026,02-08-2024
66166e9b96fb1df606179a52,4250,Buzzster,Bitchip,15-04-2025,12-07-2024
66166e9b96fb1df606179a53,4260,Teklist,Kanlam,02-07-2024,26-08-2027
66166e9b96fb1df606179a54,4270,Yombu,Namfix,28-08-2023,30-09-2025
66166e9b96fb1df606179a55,4280,Zoomzone,Konklux,28-09-2023,04-08-2025
66166e9b96fb1df606179a56,4290,Dynabox,Keylex,26-10-2024,31-07-2026
66166e9b96fb1df606179a57,4301,Gabcube,Ronstring,29-01-2026,04-02-2025
66166e9b96fb1df606179a58,4310,Kwilith,Keylex,24-01-2025,14-06-2026
66166e9b96fb1df606179a59,4320,Voomm,Biodex,18-04-2026,30-08-2024
66166e9b96fb1df606179a5a,4350,Centidel,Flexidy,20-10-2025,06-10-2027
66166e9b96fb1df606179a5b,4360,Zoombeat,Treeflex,11-05-2025,19-11-2027
66166e9b96fb1df606179a5c,4370,Quinu,Job,19-03-2024,07-03-2025
66166e9b96fb1df606179a5d,4380,Topiczoom,Trippledex,17-10-2024,30-08-2026
66166e9b96fb1df606179a5e,4390,Vimbo,Sonsing,19-04-2024,13-08-2024
66166e9b96fb1df606179a5f,4501,Linkbuzz,Bitwolf,06-11-2025,07-10-2024
66166e9b96fb1df606179a60,4510,Eayo,Y-Solowarm,28-08-2023,03-10-2025
66166e9b96fb1df606179a61,4520,Jabberbean,Stringtough,04-07-2025,06-11-2027
66166e9b96fb1df606179a62,4530,Quire,Subin,25-12-2023,29-07-2026
66166e9c96fb1df606179a63,4560,Blogspan,Bitchip,22-05-2025,18-12-2024
66166e9c96fb1df606179a64,4570,Viva,Redhold,20-06-2024,24-05-2024
66166e9c96fb1df606179a65,4580,Eayo,Sonair,04-10-2025,28-10-2025
66166e9c96fb1df606179a66,4590,Kanoodle,Viva,29-10-2025,11-08-2025
66166e9c96fb1df606179a67,4601,Realcube,Zontrax,04-08-2025,21-01-2027
66166e9c96fb1df606179a68,4610,Omba,Solarbreeze,19-06-2023,25-03-2027
66166e9c96fb1df606179a69,4620,Linkbridge,Lotlux,14-06-2025,15-11-2026
66166e9c96fb1df606179a6a,4630,Mydo,Namfix,13-11-2025,05-09-2024
66166e9c96fb1df606179a6b,4650,Zoomcast,Sonair,20-02-2026,02-11-2024
66166e9c96fb1df606179a6c,4670,Skivee,Redhold,10-09-2023,04-08-2027
66166e9c96fb1df606179a6d,4680,Zoonder,Stim,11-02-2025,24-03-2027
66166e9c96fb1df606179a6e,4690,Topiczoom,Overhold,29-11-2025,10-03-2025
66166e9c96fb1df606179a6f,4701,Twitterlist,Zaam-Dox,19-05-2025,15-02-2028
66166e9c96fb1df606179a70,4710,Tagcat,Prodder,06-03-2025,12-12-2027
66166e9c96fb1df606179a71,4720,Yacero,Greenlam,18-12-2025,13-03-2026
66166e9c96fb1df606179a72,4730,Abata,Domainer,26-04-2025,11-02-2025
66166e9c96fb1df606179a73,4750,Mydo,Biodex,16-05-2026,26-05-2024
66166e9c96fb1df606179a74,4760,Dynabox,Veribet,22-01-2024,24-05-2027
66166e9c96fb1df606179a75,4780,Divavu,Solarbreeze,03-09-2025,03-11-2026
66166e9c96fb1df606179a76,4790,Yombu,Bigtax,10-06-2024,23-04-2027
66166e9c96fb1df606179a77,4801,Npath,Regrant,02-11-2025,20-11-2026
66166e9c96fb1df606179a78,4810,Fivespan,Stim,01-12-2024,05-02-2025
66166e9c96fb1df606179a79,4820,Janyx,Flowdesk,30-04-2025,27-04-2024
66166e9c96fb1df606179a7a,4830,Youspan,Home Ing,21-02-2025,27-07-2027
66166e9c96fb1df606179a7b,4850,Brainsphere,Duobam,05-02-2024,05-07-2024
66166e9c96fb1df606179a7c,4860,Browsebug,Bytecard,13-04-2026,01-08-2024
66166e9d96fb1df606179a7d,4870,Photofeed,Span,08-04-2024,17-04-2024
66166e9d96fb1df606179a7e,4890,Devshare,Zaam-Dox,21-01-2025,30-03-2027
66166e9d96fb1df606179a7f,4901,Vidoo,Trippledex,17-10-2025,04-05-2024
66166e9d96fb1df606179a80,4910,Twinte,Sub-Ex,05-05-2024,15-02-2026
66166e9d96fb1df606179a81,4920,Youbridge,It,01-08-2023,02-08-2024
66166e9d96fb1df606179a82,4930,Aibox,Job,21-09-2025,04-07-2027
66166e9d96fb1df606179a83,4950,Rhybox,Home Ing,24-12-2023,08-10-2024
66166e9d96fb1df606179a84,4960,Yacero,Cardify,11-11-2024,29-08-2026
66166e9d96fb1df606179a85,4970,Twitterwire,Cookley,16-11-2024,28-08-2024
66166e9d96fb1df606179a86,4980,Minyx,Voyatouch,20-11-2023,26-02-2026
66166e9d96fb1df606179a87,5012,Linkbuzz,Y-find,04-10-2024,25-05-2025
66166e9d96fb1df606179a88,5021,Zoozzy,Toughjoyfax,14-06-2025,29-10-2027
66166e9d96fb1df606179a89,5031,Yombu,Asoka,28-01-2024,11-10-2024
66166e9d96fb1df606179a8a,5041,Myworks,Holdlamis,12-06-2023,21-02-2025
66166e9d96fb1df606179a8b,5061,Chatterbridge,Voltsillam,23-09-2025,08-01-2027
66166e9d96fb1df606179a8c,5071,Skinix,Lotlux,14-10-2024,25-09-2027
66166e9d96fb1df606179a8d,5081,Kwilith,Ronstring,17-05-2026,15-08-2026
66166e9d96fb1df606179a8e,5091,Katz,Zaam-Dox,21-09-2024,17-12-2025
66166e9d96fb1df606179a8f,5102,Latz,Domainer,19-03-2026,16-03-2025
66166e9d96fb1df606179a90,5120,Ntags,Rank,01-09-2025,30-07-2024
66166e9d96fb1df606179a91,5130,Voomm,Quo Lux,29-05-2023,05-10-2027
66166e9d96fb1df606179a92,5140,Yozio,Duobam,13-04-2024,06-12-2027
66166e9d96fb1df606179a93,5160,Vimbo,Toughjoyfax,07-07-2024,11-12-2024
66166e9d96fb1df606179a94,5170,Quire,Trippledex,15-01-2024,18-11-2024
66166e9d96fb1df606179a95,5180,Shuffledrive,Zoolab,30-01-2026,20-11-2027
66166e9d96fb1df606179a96,5190,Oozz,Tres-Zap,02-07-2023,13-06-2025
66166e9d96fb1df606179a97,5201,Shufflebeat,Fintone,31-01-2025,07-10-2026
66166e9e96fb1df606179a98,5210,Agimba,Tres-Zap,28-03-2024,16-12-2024
66166e9e96fb1df606179a99,5230,Minyx,Zamit,10-06-2025,19-06-2026
66166e9e96fb1df606179a9a,5240,Jamia,Cookley,16-07-2023,16-01-2025
66166e9e96fb1df606179a9b,5260,Dynabox,Ronstring,01-02-2026,02-05-2025
66166e9e96fb1df606179a9c,5270,Fivechat,Fintone,06-01-2025,22-08-2027
66166e9e96fb1df606179a9d,5280,Flipopia,Konklab,14-12-2025,15-10-2026
66166e9e96fb1df606179a9e,5290,Photofeed,Temp,29-05-2024,27-09-2025
66166e9e96fb1df606179a9f,5301,Skyble,Fixflex,11-06-2025,09-11-2024
66166e9e96fb1df606179aa0,5310,Gabcube,Matsoft,18-05-2023,12-10-2027
66166e9e96fb1df606179aa1,5320,Lajo,Span,20-03-2025,24-07-2024
66166e9e96fb1df606179aa2,5340,Voonder,Aerified,09-11-2023,01-04-2027
66166e9e96fb1df606179aa3,5360,Realbuzz,Konklux,09-02-2025,08-04-2026
66166e9e96fb1df606179aa4,5370,Katz,Viva,25-03-2026,15-08-2025
66166e9e96fb1df606179aa5,5380,Yozio,Trippledex,28-04-2023,25-10-2026
66166e9e96fb1df606179aa6,5390,Thoughtblab,Lotlux,20-10-2025,20-07-2026
66166e9e96fb1df606179aa7,5401,Ozu,It,20-05-2023,07-04-2026
66166e9e96fb1df606179aa8,5410,Vipe,Alphazap,19-11-2023,13-07-2024
66166e9e96fb1df606179aa9,5420,Thoughtmix,Zaam-Dox,09-09-2024,28-06-2024
66166e9e96fb1df606179aaa,5430,Shufflester,Domainer,06-03-2026,20-10-2027
66166e9e96fb1df606179aab,5460,Abatz,Latlux,19-05-2026,08-10-2025
66166e9e96fb1df606179aac,5470,Brainverse,Zamit,16-11-2023,23-10-2025
66166e9e96fb1df606179aad,5480,Yoveo,Zathin,06-06-2024,05-02-2026
66166e9e96fb1df606179aae,5490,Shufflebeat,Lotlux,12-09-2025,19-06-2025
66166e9e96fb1df606179aaf,5601,Voonyx,Bitwolf,13-03-2024,13-05-2024
66166e9e96fb1df606179ab0,5610,Layo,Kanlam,20-11-2023,06-10-2025
66166e9e96fb1df606179ab1,5620,Yamia,Prodder,07-04-2024,31-01-2025
66166e9e96fb1df606179ab2,5630,Kwinu,Domainer,23-09-2025,17-10-2024
66166e9f96fb1df606179ab3,5640,Thoughtblab,Stim,20-06-2023,14-05-2024
66166e9f96fb1df606179ab4,5670,Zooveo,Biodex,26-04-2024,27-05-2025
66166e9f96fb1df606179ab5,5680,Quimm,Solarbreeze,15-08-2023,08-09-2025
66166e9f96fb1df606179ab6,5690,Jaloo,Rank,22-04-2024,24-06-2026
66166e9f96fb1df606179ab7,5701,Blogtag,Ventosanzap,23-12-2023,08-12-2024
66166e9f96fb1df606179ab8,5710,Agimba,Fixflex,02-04-2024,01-11-2026
66166e9f96fb1df606179ab9,5720,Realbridge,Alpha,05-05-2024,02-07-2027
66166e9f96fb1df606179aba,5730,Bluejam,Matsoft,02-01-2026,06-01-2026
66166e9f96fb1df606179abb,5740,Meembee,Otcom,06-12-2024,12-06-2027
66166e9f96fb1df606179abc,5760,Gigazoom,Subin,18-08-2023,10-12-2026
66166e9f96fb1df606179abd,5780,Pixoboo,Temp,26-02-2026,28-11-2027
66166e9f96fb1df606179abe,5790,Kwilith,Ventosanzap,13-07-2025,18-11-2026
66166e9f96fb1df606179abf,5801,Roombo,Otcom,09-11-2024,02-04-2027
66166e9f96fb1df606179ac0,5810,Meedoo,Sonsing,06-02-2024,24-09-2026
66166e9f96fb1df606179ac1,5820,Jatri,Tin,14-06-2025,14-02-2025
66166e9f96fb1df606179ac2,5830,Quatz,Wrapsafe,10-12-2023,07-12-2027
66166e9f96fb1df606179ac3,5840,Shufflebeat,Bitwolf,17-08-2023,12-01-2025
66166e9f96fb1df606179ac4,5860,Linklinks,Stronghold,12-05-2026,22-06-2027
66166e9f96fb1df606179ac5,5870,Browseblab,Andalax,03-06-2023,11-11-2024
66166e9f96fb1df606179ac6,5890,Dabshots,Konklux,14-09-2025,30-07-2025
66166e9f96fb1df606179ac7,5901,Skimia,Konklab,10-01-2025,06-03-2027
66166e9f96fb1df606179ac8,5910,Bluejam,Namfix,08-08-2025,23-05-2027
66166e9f96fb1df606179ac9,5920,Oloo,Bigtax,27-03-2026,25-08-2026
66166e9f96fb1df606179aca,5930,Jaxworks,Wrapsafe,13-01-2024,13-07-2026
66166e9f96fb1df606179acb,5940,Brainverse,Konklux,18-02-2026,03-05-2027
66166e9f96fb1df606179acc,5960,Twitterbridge,Zoolab,18-06-2024,05-05-2024
66166ea096fb1df606179acd,5970,Livetube,Overhold,11-03-2025,05-06-2024
66166ea096fb1df606179ace,5980,Centidel,Stringtough,27-07-2024,20-11-2026
66166ea096fb1df606179acf,6012,Cogilith,Stronghold,18-02-2024,09-07-2027
66166ea096fb1df606179ad0,6021,Kazu,Treeflex,10-08-2024,08-05-2027
66166ea096fb1df606179ad1,6031,Demivee,Gembucket,15-04-2024,06-06-2027
66166ea096fb1df606179ad2,6041,Brainbox,Cookley,15-11-2023,17-05-2026
66166ea096fb1df606179ad3,6051,Plajo,Stim,13-08-2024,04-08-2024
66166ea096fb1df606179ad4,6071,Quire,Sonsing,22-06-2024,27-07-2024
66166ea096fb1df606179ad5,6081,Vimbo,Lotstring,18-03-2025,11-10-2026
66166ea096fb1df606179ad6,6091,Minyx,Duobam,19-05-2024,12-07-2026
66166ea096fb1df606179ad7,6102,Twimm,Kanlam,15-12-2023,14-04-2027
66166ea096fb1df606179ad8,6120,Tagopia,Cookley,04-03-2026,20-01-2027
66166ea096fb1df606179ad9,6130,Npath,It,15-01-2024,12-01-2027
66166ea096fb1df606179ada,6140,Jetwire,Regrant,19-01-2026,27-02-2027
66166ea096fb1df606179adb,6150,Gigashots,Span,21-09-2024,10-07-2026
66166ea096fb1df606179adc,6170,Yombu,Y-find,21-01-2025,20-08-2025
66166ea096fb1df606179add,6180,Dynazzy,Zamit,01-06-2023,20-05-2026
66166ea096fb1df606179ade,6190,Jabberstorm,Matsoft,14-01-2026,27-07-2024
66166ea096fb1df606179adf,6201,Tambee,Greenlam,27-08-2025,23-02-2027
66166ea096fb1df606179ae0,6210,Tavu,Zoolab,06-02-2025,15-10-2025
66166ea096fb1df606179ae1,6230,Meemm,Sonsing,22-12-2024,03-04-2027
66166ea096fb1df606179ae2,6240,Zoozzy,Sub-Ex,22-08-2024,16-10-2025
66166ea096fb1df606179ae3,6250,Quimm,Hatity,24-08-2024,02-09-2024
66166ea096fb1df606179ae4,6270,Flashset,Ronstring,12-05-2024,27-11-2027
66166ea096fb1df606179ae5,6280,DabZ,Cookley,17-11-2023,30-11-2026
66166ea096fb1df606179ae6,6290,Meetz,Wrapsafe,03-06-2024,18-07-2025
66166ea196fb1df606179ae7,6301,Yakitri,Stronghold,05-12-2023,10-10-2025
66166ea196fb1df606179ae8,6310,Edgeify,Zoolab,15-02-2026,02-03-2027
66166ea196fb1df606179ae9,6320,Tanoodle,Konklux,02-05-2024,14-03-2026
66166ea196fb1df606179aea,6340,Voonder,Zoolab,18-04-2024,12-04-2025
66166ea196fb1df606179aeb,6350,Blogspan,Overhold,15-03-2025,23-01-2025
66166ea196fb1df606179aec,6370,Photospace,Zaam-Dox,03-03-2025,17-06-2027
66166ea196fb1df606179aed,6380,JumpXS,Quo Lux,29-10-2023,18-12-2025
66166ea196fb1df606179aee,6390,Minyx,Andalax,08-08-2025,08-09-2026
66166ea196fb1df606179aef,6401,Quinu,Keylex,28-12-2025,14-04-2027
66166ea196fb1df606179af0,6410,Mita,Bamity,13-04-2024,22-07-2025
66166ea196fb1df606179af1,6420,Katz,Sub-Ex,12-06-2024,24-02-2025
66166ea196fb1df606179af2,6430,Eidel,Aerified,25-08-2024,21-07-2025
66166ea196fb1df606179af3,6450,Zoomdog,Rank,31-07-2025,22-09-2026
66166ea196fb1df606179af4,6470,Roombo,Redhold,20-02-2024,18-02-2027
66166ea196fb1df606179af5,6480,Edgeclub,Konklab,31-12-2024,31-10-2026
66166ea196fb1df606179af6,6490,Omba,Alphazap,17-05-2025,26-08-2027
66166ea196fb1df606179af7,6501,Skippad,Vagram,28-08-2023,10-05-2024
66166ea196fb1df606179af8,6510,Edgepulse,Treeflex,11-10-2023,19-09-2024
66166ea196fb1df606179af9,6520,Voonyx,Overhold,28-02-2026,14-01-2028
66166ea196fb1df606179afa,6530,Photolist,Konklux,21-06-2024,14-07-2026
66166ea196fb1df606179afb,6540,Tagpad,Bitchip,22-02-2025,30-08-2026
66166ea196fb1df606179afc,6570,Skinder,Ventosanzap,22-04-2024,29-09-2026
66166ea196fb1df606179afd,6580,Tavu,Wrapsafe,10-07-2024,17-07-2025
66166ea196fb1df606179afe,6590,Topiclounge,Fixflex,07-05-2024,23-07-2024
66166ea196fb1df606179aff,6701,Mynte,It,19-01-2026,01-04-2027
66166ea196fb1df606179b00,6710,Aibox,Y-find,18-02-2024,10-12-2024
66166ea196fb1df606179b01,6720,Mycat,Bamity,18-04-2024,19-07-2027
66166ea296fb1df606179b02,6730,Ailane,Voyatouch,18-10-2024,30-10-2027
66166ea296fb1df606179b03,6740,Skimia,Zaam-Dox,05-08-2023,04-02-2028
66166ea296fb1df606179b04,6750,Brainbox,Viva,15-01-2024,27-03-2027
66166ea296fb1df606179b05,6780,Dynazzy,Domainer,05-12-2023,03-08-2025
66166ea296fb1df606179b06,6790,Meevee,Toughjoyfax,18-06-2023,25-04-2025
66166ea296fb1df606179b07,6801,Skipfire,Tempsoft,26-07-2025,29-12-2024
66166ea296fb1df606179b08,6810,Camimbo,Domainer,11-04-2026,06-06-2024
66166ea296fb1df606179b09,6820,Meedoo,Bamity,09-04-2024,18-02-2026
66166ea296fb1df606179b0a,6830,Nlounge,Flowdesk,24-07-2023,13-08-2025
66166ea296fb1df606179b0b,6840,Edgeblab,Andalax,11-04-2026,04-01-2025
66166ea296fb1df606179b0c,6850,Mydeo,Ronstring,24-11-2023,10-04-2026
66166ea296fb1df606179b0d,6870,Voonder,Viva,21-01-2025,05-05-2024
66166ea296fb1df606179b0e,6890,Rhynoodle,Otcom,11-10-2025,05-01-2027
66166ea296fb1df606179b0f,6901,Minyx,Viva,09-10-2023,04-02-2025
66166ea296fb1df606179b10,6910,Youtags,Bytecard,28-02-2026,12-02-2026
66166ea296fb1df606179b11,6920,Linklinks,Wrapsafe,09-10-2023,25-10-2024
66166ea296fb1df606179b12,6930,Yacero,Zamit,14-11-2023,20-01-2027
66166ea296fb1df606179b13,6940,Pixoboo,Stim,08-06-2026,28-03-2027
66166ea296fb1df606179b14,6950,Kwilith,Ventosanzap,14-11-2025,23-11-2025
66166ea296fb1df606179b15,6970,Ozu,Mat Lam Tam,12-10-2023,10-02-2026
66166ea296fb1df606179b16,6980,Livepath,Span,23-07-2024,19-08-2025
66166ea296fb1df606179b17,7012,Edgetag,Trippledex,05-04-2026,16-06-2026
66166ea296fb1df606179b18,7021,Zoombox,Ventosanzap,06-07-2024,19-11-2025
66166ea296fb1df606179b19,7031,DabZ,Flexidy,08-05-2023,22-12-2026
66166ea296fb1df606179b1a,7041,Realcube,Flexidy,26-10-2024,01-10-2027
66166ea396fb1df606179b1b,7039,Jayo,Trippledex,13-05-2025,26-10-2025
66166ea396fb1df606179b1c,7067,Eabox,Treeflex,06-03-2025,13-03-2026
66166ea396fb1df606179b1d,7080,InnoZ,Keylex,07-07-2025,27-05-2026
66166ea396fb1df606179b1e,7093,Linklinks,Greenlam,04-04-2026,27-02-2027
66166ea396fb1df606179b1f,7106,Yacero,Prodder,19-09-2025,09-12-2024
66166ea396fb1df606179b20,7120,Flipbug,Bamity,17-10-2024,10-01-2025
66166ea396fb1df606179b21,7133,Livetube,Voyatouch,06-03-2025,28-02-2027
66166ea396fb1df606179b22,7146,Livetube,Bitchip,25-07-2024,10-09-2024
66166ea396fb1df606179b23,7159,Tagchat,Cookley,15-02-2025,24-09-2025
66166ea396fb1df606179b24,7172,Edgeify,Flowdesk,01-02-2026,10-01-2025
66166ea396fb1df606179b25,7186,Rhynyx,Trippledex,24-05-2025,12-11-2025
66166ea396fb1df606179b26,7199,Abatz,Otcom,29-01-2024,18-07-2027
66166ea396fb1df606179b27,7212,Realpoint,Sub-Ex,10-05-2026,13-11-2027
66166ea396fb1df606179b28,7225,Jetpulse,Sub-Ex,30-12-2024,05-10-2027
66166ea396fb1df606179b29,7239,Mudo,Pannier,08-08-2024,07-11-2025
66166ea396fb1df606179b2a,7252,Ntags,Mat Lam Tam,02-08-2025,18-10-2026
66166ea396fb1df606179b2b,7265,Skippad,Fixflex,08-12-2024,25-08-2025
66166ea396fb1df606179b2c,7278,Topicstorm,Zathin,03-02-2025,06-02-2028
66166ea396fb1df606179b2d,7291,Podcat,Stringtough,11-11-2023,23-01-2026
66166ea396fb1df606179b2e,7305,Demizz,Asoka,02-05-2026,08-03-2027
66166ea396fb1df606179b2f,7318,Topicware,Tempsoft,29-05-2023,27-07-2027
66166ea396fb1df606179b30,7331,Feedbug,Toughjoyfax,27-09-2023,27-12-2025
66166ea396fb1df606179b31,7344,Janyx,Asoka,01-07-2023,10-12-2027
66166ea396fb1df606179b32,7358,Brainbox,Overhold,21-08-2024,20-08-2026
66166ea396fb1df606179b33,7371,Jetpulse,Ronstring,03-10-2025,11-10-2024
66166ea396fb1df606179b34,7384,Teklist,Asoka,09-12-2025,29-06-2027
66166ea496fb1df606179b35,7397,Skipstorm,Cardguard,13-04-2024,07-05-2026
66166ea496fb1df606179b36,7410,Leenti,Regrant,19-04-2026,06-12-2026
66166ea496fb1df606179b37,7424,Rhyzio,Y-Solowarm,10-01-2026,17-02-2027
66166ea496fb1df606179b38,7437,Flashset,Overhold,12-02-2024,22-05-2027
66166ea496fb1df606179b39,7450,Mynte,Prodder,03-11-2023,31-10-2026
66166ea496fb1df606179b3a,7463,Twinder,Kanlam,16-05-2024,18-11-2027
66166ea496fb1df606179b3b,7477,Topicshots,Gembucket,06-10-2023,21-09-2027
66166ea496fb1df606179b3c,7490,Centidel,Bitchip,07-04-2025,29-09-2025
66166ea496fb1df606179b3d,7503,Jaxbean,Holdlamis,08-07-2024,20-01-2028
66166ea496fb1df606179b3e,7516,Jaxworks,Opela,25-07-2023,08-11-2025
66166ea496fb1df606179b3f,7529,Devbug,Bytecard,17-05-2023,05-11-2026
66166ea496fb1df606179b40,7543,Shufflebeat,Holdlamis,13-01-2026,19-12-2024
66166ea496fb1df606179b41,7556,Fiveclub,Trippledex,06-06-2026,10-06-2027
66166ea496fb1df606179b42,7569,Livepath,Prodder,07-01-2026,19-04-2027
66166ea496fb1df606179b43,7582,Zoozzy,Asoka,19-07-2025,03-04-2026
66166ea496fb1df606179b44,7596,Oyonder,Overhold,13-08-2023,19-02-2027
66166ea496fb1df606179b45,7609,Realblab,Wrapsafe,01-03-2024,24-06-2025
66166ea496fb1df606179b46,7622,Skajo,Y-find,14-04-2026,08-08-2026
66166ea496fb1df606179b47,7635,Realcube,Alphazap,01-10-2024,27-11-2026
66166ea496fb1df606179b48,7648,Buzzster,Otcom,07-12-2023,19-09-2026
66166ea496fb1df606179b49,7662,Flashdog,Lotlux,13-06-2023,21-09-2024
66166ea496fb1df606179b4a,7675,Mymm,Zathin,07-08-2023,16-08-2025
66166ea496fb1df606179b4b,7688,Skipfire,Hatity,06-04-2026,17-04-2026
66166ea496fb1df606179b4c,7701,Dabtype,Mat Lam Tam,01-03-2026,01-11-2024
66166ea496fb1df606179b4d,7715,Yotz,Duobam,26-06-2024,22-03-2025
66166ea496fb1df606179b4e,7728,Jatri,Tampflex,09-08-2023,20-09-2026
66166ea596fb1df606179b4f,7741,Camimbo,Alphazap,02-01-2024,29-08-2024
66166ea596fb1df606179b50,7754,Lajo,It,11-05-2024,09-06-2024
66166ea596fb1df606179b51,7767,Browsecat,Voyatouch,16-10-2024,22-10-2026
66166ea596fb1df606179b52,7781,Skiba,Cardguard,29-01-2025,05-08-2027
66166ea596fb1df606179b53,7794,Oyondu,Konklux,15-01-2026,24-09-2025
66166ea596fb1df606179b54,7807,Omba,Stringtough,23-07-2023,10-11-2025
66166ea596fb1df606179b55,7820,Mynte,Zamit,29-08-2024,15-07-2024
66166ea596fb1df606179b56,7834,Minyx,Bitchip,06-05-2024,29-05-2026
66166ea596fb1df606179b57,7847,Browsecat,Stronghold,07-01-2024,12-11-2027
66166ea596fb1df606179b58,7860,Cogidoo,Fix San,08-05-2024,26-02-2027
66166ea596fb1df606179b59,7873,Lazzy,Home Ing,21-04-2025,04-09-2025
66166ea596fb1df606179b5a,7886,Realbridge,Tresom,06-03-2026,17-12-2024
66166ea596fb1df606179b5b,7900,Fivespan,Aerified,14-05-2025,12-08-2027
